michellezl,E:403,0
walperth,E:403,0
bubudon,E:403,0
1la-ke-ke-ke-kan,E:403,0
kinvy,E:403,0
neng-dong-de-san-fen-jian,E:403,0
yi-zhuan-jia-62,E:403,0
qi-xie-yizhi-hua-36,E:403,0
zhang-zi-19,E:403,0
shi-wei-ying,E:403,0
mu-xiao-ou,E:403,0
li-zhi-xin-62,E:403,0
da-yuan-kang-mei,E:403,0
iamgodgh,E:403,0
shen-long-bo,E:403,0
sui-sui-ping-an-92-89,E:403,0
zhu-meng-lu-54,E:403,0
kou-kou-tou-xiang-nu-90-12-44,E:403,0
yang-hui-61-50,E:403,0
cai-yi-ting-80,E:403,0
jiu-ai-wei-yi-zhu,E:403,0
fittimeji-ke-yun-dong-39,E:403,0
-MIAO-58-31,E:403,0
clarity-99-4,E:403,0
zhang-tian-yu,E:403,0
heanqing7,E:403,0
huo-chai-36-37,E:403,0
meng-meng-53-26,E:403,0
zhu-jia-le-42-29,E:403,0
shi-jia-yi-79-1,E:403,0
kou-qiang-yi-xue-zhan,E:403,0
chen-da-zhu-69-63,E:403,0
su-9384-lin,E:403,0
liu-lei-38-88-36,E:403,0
ye-hong-lei,E:403,0
zhou-lin-26-58,E:403,0
didi-6-60,E:403,0
yi-mou-mou-49,E:403,0
qing-cang-te-chan-feng-jing-ji,E:403,0
hua-zha-zha-95,E:403,0
lan-pang-zi-ty,E:403,0
xiao-xian-nu-47-22-69,E:403,0
avel228,E:403,0
zheng-sheng-41-97,E:403,0
meng-meng-10-37-36,E:403,0
hai-wei-ma-ma-58,E:403,0
suweihua,E:403,0
ruobingshen,E:403,0
will-liu-16,E:403,0
bin-jing-qi-che,E:403,0
luolei,E:403,0
dominic,E:403,0
helena-22,E:403,0
ma-peng-92-3,E:403,0
yawgmoth,E:403,0
san-shi-tou-1,E:403,0
jojoai-pa-shu,E:403,0
zhou-ji-19-21,E:403,0
luowanjiang,E:403,0
poison-pang,E:403,0
ding-yan-37-29-92,E:403,0
tracy-55-71-5,E:403,0
wjiaci,E:403,0
46-he,E:403,0
zhang-yuan-ping-44,E:403,0
wang-wen-82-59,E:403,0
wang-liu-liu-42-63,E:403,0
nick92,E:403,0
ya-ke-duo-kou-qiang-ying-xiao-xi-tong,E:403,0
yang-fan-73-66-74,E:403,0
wang-zi-ya-33-9,E:403,0
wan-liao-an-liao,E:403,0
ke-ni-15-34,E:403,0
meng-tu-48-74,E:403,0
liu-bu-zhi-88,E:403,0
yi-yao-fang-99,E:403,0
du-du-yi-sheng-74,E:403,0
chenyu-nong,E:403,0
sun-ga-song,E:403,0
kivian-35,E:403,0
pu-li-fu-jian,E:403,0
ya-sheng-25-73,E:403,0
syjdhjfyy,E:403,0
huang-dong-yan-96,E:403,0
chen-min-26,E:403,0
yue-ba-55,E:403,0
sennichan,E:403,0
tang-xiao-xiao-94-39,E:403,0
xi-yu-yan-rao,E:403,0
chuan-yue-35-22,E:403,0
zhouqian2015,E:403,0
xia-yu-wei-66,E:403,0
genebox,E:403,0
hong-yi-75-95,E:403,0
sprite,E:403,0
lin-qing-35-37,E:403,0
nisang-11,E:403,0
yidi-shui-98,E:403,0
hui-bu-qu-91,E:403,0
han-shang-yuan-30,E:403,0
zhang-hai-83,E:403,0
jia-zhuang-hui-tiao-wu,E:403,0
da-huang-71-65,E:403,0
xiong-she-zhao-50,E:403,0
onesens,E:403,0
gao-wei-80-97,E:403,0
kang-shan-shan-52,E:403,0
yi-chong-zhi-0220,E:403,0
lu-gu-ge,E:403,0
yipan-chang-fen,E:403,0
guan-wei,E:403,0
xiao-a-qiao-51,E:403,0
xu-lei-lai,E:403,0
xu-jia-hao-67,E:403,0
ga-ga-24-49,E:403,0
yi-cheng-wang-shi-90,E:403,0
a-lun-97-42,E:403,0
pian-pian-piao-piao-fei,E:403,0
li-min-yan-75,E:403,0
zhen-zhen-12,E:403,0
zhang-lian-jie,E:403,0
kou-qiang-yi-xue-jiao-yu,E:403,0
beauty-44-9,E:403,0
zbay,E:403,0
johndu,E:403,0
shang-guan-tie-zhu-36,E:403,0
gao-san-gou-5,E:403,0
tang-hao-wen-90,E:403,0
jiao-wo-ge-ge-feng,E:403,0
zhi-zhu-fan-qiang,E:403,0
444164613,E:403,0
Song-ShiBo,E:403,0
qing-yu,E:403,0
yun-chuang-tou-ke,E:403,0
sun-kang-ming,E:403,0
qian-shui-5-24,E:403,0
kruskal-43,E:403,0
greeny-50,E:403,0
tang-yichun,E:403,0
changeclub,E:403,0
bo-tu-quan-jing-20,E:403,0
yue-ye-ting-feng-fu-qin,E:403,0
adamtin,E:403,0
taoshixingqiu,E:403,0
jia-jia-lin-38-73,E:403,0
huang-en-long,E:403,0
ai-ran-shao-46,E:403,0
piao-piao-piao-piao-piao-ge,E:403,0
dao-bing-xiang-jian,E:403,0
liu-min-62-80-11,E:403,0
cclin,E:403,0
maigo,E:403,0
bnk1803,E:403,0
arzmok,E:403,0
da-xiang-xin-jian-kang,E:403,0
clb1020,E:403,0
sheng-sheng-23-55,E:403,0
qingjieyishen,E:403,0
dan-shen-wu-tong,E:403,0
zenithdie,E:403,0
huang-___-kai,E:403,0
shuai-shuai-bao-41,E:403,0
yang-sheng-jin-li-pai,E:403,0
chen-zhuo-11-60,E:403,0
lei-fei-yi-10,E:403,0
huai-nian-jia-ju-21,E:403,0
pu-ren-12,E:403,0
xun-meng-zhui-long,E:403,0
bao-shi-zheng-wen-fang-lao-shi,E:403,0
chang-an-mou-2-98,E:403,0
zhang2009new,E:403,0
xiang-yu-19-27,E:403,0
peng-xiao-96-1,E:403,0
yi-bing-61,E:403,0
chen-jian-10,E:403,0
yi-qing-1-52,E:403,0
ruthy-li,E:403,0
kitkyou,E:403,0
huang-xing-duan-36,E:403,0
bu-ting-ting,E:403,0
hu-zhi-qiang-82,E:403,0
wang-yang-yufan,E:403,0
sha-sha-sha-39-66,E:403,0
ding-xiang-ma-ma-98,E:403,0
shui-xiao-ge,E:403,0
oeaqcmwgu,E:403,0
bu-hui-you-yong-de-yu-99-23,E:403,0
wang-yuan-yuan-32-14-69,E:403,0
ren-mian-bu-zhi-he-chu-qu-47,E:403,0
tian-cai-gou-40,E:403,0
kang-xin-you-er,E:403,0
ji-ai-43-92,E:403,0
shi-hai-ying,E:403,0
bu-zhi-dao-60-29-28,E:403,0
pu-luo-qia-si-te,E:403,0
tony-54-88,E:403,0
zhi-jian-73,E:403,0
123-84-41-2,E:403,0
Acmenyz,E:403,0
xiao-xiao-yu-di-2580,E:403,0
jianlouqun,E:403,0
yan-yue-82,E:403,0
qing-shan-14-12,E:403,0
thinlong,E:403,0
hai-mu-xue,E:403,0
tiaoge,E:403,0
doyledollar,E:403,0
wei-ming-71-58,E:403,0
ti-chuang,E:403,0
zhou-ran-28-12,E:403,0
jian-kang-guan-nian-xiao-xue-tang,E:403,0
zhang-jing-shan-86,E:403,0
li-chuang-11-61,E:403,0
sun-shu-gong-59,E:403,0
qian-chang-liang-39,E:403,0
luoxiaoju,E:403,0
huyou-agent,E:403,0
kevinswuliao-ze-kai,E:403,0
tan-yiqin,E:403,0
san-gong-zhu-de-chang-tui-ma-ma,E:403,0
han-bing-23-32,E:403,0
wang-yu-duo-81,E:403,0
wang-lei-1,E:403,0
ni-ruo-cheng-feng-41-38,E:403,0
rioriorio,E:403,0
ping-yue-ze,E:403,0
cbasky,E:403,0
yao-yao-74-40-42,E:403,0
dan-bo-512,E:403,0
wind,E:403,0
xiao-lu-93-67,E:403,0
hu-jing-zhi-90-35,E:403,0
zoukaimei,E:403,0
desmo,E:403,0
hong-xin-xiang-tong-gong-yi-ji-jin,E:403,0
qia-qia-96-12,E:403,0
gallonwang,E:403,0
ting-yun-38-14,E:403,0
llxxww-2,E:403,0
liu-li-rong-31-37,E:403,0
li-ren-47-81,E:403,0
chuanliangwang,E:403,0
an-zhi-yuan-80,E:403,0
jian-fei-de-tang-hu-lu,E:403,0
chen-yan-24-64,E:403,0
jingxing-gao-58,E:403,0
cai-ni-xi-huan-7,E:403,0
fa-da-si-kao-75,E:403,0
gao-jun-yong,E:403,0
sfgdg3663,E:403,0
miao-zhong-yu,E:403,0
YSGG,E:403,0
wang-xiao-liang-59-31,E:403,0
shen-jiao-er,E:403,0
bai-jiu-94-82,E:403,0
da-jiang-xue-zhe,E:403,0
tian-han-43,E:403,0
xin-space,E:403,0
zhanzhengyun,E:403,0
a-chang-98-28,E:403,0
zhao-ya-xing,E:403,0
yi-zi-ivy,E:403,0
nan-qiang-72-89,E:403,0
xin-yue-63-63,E:403,0
liang-ren-yuan-56,E:403,0
thus-helian,E:403,0
zhang-lei-63-74-59,E:403,0
li-nuo-57-96,E:403,0
lin-zi-44-45,E:403,0
huang-zhu-ren-liao-tong-feng,E:403,0
gao-gao-xiao-xiao-ya-ya,E:403,0
yi-ye-zhang-mu-88,E:403,0
fu-fyuan-zi,E:403,0
song-ing-74,E:403,0
qi-qi-ji-31,E:403,0
zhao-zhou-24-73,E:403,0
liangjingtian,E:403,0
rou-rou-ta-ma,E:403,0
coderxiaoqiang,E:403,0
id-bear,E:403,0
su-mu-zhe-90-41,E:403,0
mei-ya-yi-liao,E:403,0
kk-jiang-87,E:403,0
weng-ming-yang,E:403,0
zhi-hui-dan-9,E:403,0
lwu99,E:403,0
notEva,E:403,0
yang-li-rong-57-77,E:403,0
ma-nong-91-80,E:403,0
keep_healthy,E:403,0
hua-mu-lan-92,E:403,0
zhang-zi-9-77,E:403,0
liao-ze-hao-41,E:403,0
shi-liu-17-62,E:403,0
wang-yun-yun,E:403,0
chi-yu-gu-yuan-45-66,E:403,0
hexinus-11,E:403,0
zhu-a-ni-50,E:403,0
andy-25-80-82,E:403,0
ddingmed,E:403,0
joyoner,E:403,0
fang-wen-da,E:403,0
zhangzai2010,E:403,0
shui-jing-tu-er,E:403,0
alphal,E:403,0
yigu-51-53,E:403,0
cai-yun-58-71,E:403,0
bin-mei-40,E:403,0
you-bo-luo,E:403,0
icenoreen,E:403,0
ai-peng,E:403,0
bai-cao-xiang-25,E:403,0
leslie-wang-96,E:403,0
fei-ke-52-30,E:403,0
kayguigui,E:403,0
ming-ge-9-38,E:403,0
li-mu-59-94,E:403,0
miserible,E:403,0
baekhan-19,E:403,0
lemir3,E:403,0
chen-feng-85-41,E:403,0
chen-zi-hao-18,E:403,0
2soon-25,E:403,0
xiaoxiangxiang,E:403,0
sean-68-97-27,E:403,0
ru-shi-57-45-25,E:403,0
bao-zou,E:403,0
shijun,E:403,0
xiao-ling-jia-20,E:403,0
zhihuun,E:403,0
zha-bi-xiao-xin-34-58,E:403,0
xiexing233,E:403,0
wu-tian-30-36,E:403,0
lisongwei,E:403,0
han-min-xuan-21,E:403,0
ma-li-li-75-18,E:403,0
wild-field-healthhuang-ye-jian-kang,E:403,0
xiao-xi-de-chu-fang,E:403,0
bai-yu-li-82,E:403,0
gu-da-bai-41,E:403,0
uishe-ji-46,E:403,0
takenaka,E:403,0
zhou-jian-xing-48-91,E:403,0
zhao-li-qiang-39-47,E:403,0
chun-feng-zhu-lang,E:403,0
shou-shi-xiao-ge,E:403,0
gai-tian-gai-gui-gai-ren-jian,E:403,0
wang-xiao-chen-13-17,E:403,0
whyenjoy,E:403,0
zuo.wang,E:403,0
li-chen-10-16,E:403,0
rongyiren,E:403,0
ye-zi-68-85-70,E:403,0
dong-zhi-cai-ren,E:403,0
dong-dou-fu-80-1,E:403,0
zhong-wen-40-43,E:403,0
LiuDong,E:403,0
senps,E:403,0
li-xia-tian-48-96,E:403,0
mai-ya-20-14,E:403,0
zhao-xun-lei,E:403,0
self-my,E:403,0
xu-shun-shun-14,E:403,0
lin-zhi-hu-64,E:403,0
shang-miss-93-10,E:403,0
fushengqiang,E:403,0
xiang-liang-79-99,E:403,0
Sakuyi,E:403,0
sugar-61-99,E:403,0
sun-9-28-9,E:403,0
huang_violin,E:403,0
guo-er-gou-51,E:403,0
wang-hao-rong,E:403,0
liu-lei-11-33,E:403,0
ukuk520,E:403,0
yu-jia,E:403,0
Anniechan-96,E:403,0
chen-shi-38-22,E:403,0
ai-si-wei-er-yi-yan-she,E:403,0
bluehealth,E:403,0
lixiaopeng53,E:403,0
di-xue-feng-63,E:403,0
yang-mou-11,E:403,0
gpji,E:403,0
pin-rui-yi-liao,E:403,0
zhaomeng,E:403,0
xiao-bai-81-43-90,E:403,0
jon-zhao-20,E:403,0
zou-hong,E:403,0
mei-shi-da-da-jiang-you,E:403,0
zai-lu-shang-yu-jian-ni,E:403,0
hao-yue-bing-tian,E:403,0
zhong-ping-zhong-ce,E:403,0
jey-51,E:403,0
ElShaddolMidrash,E:403,0
dean-20-88,E:403,0
wang-xiao-jian-92-12,E:403,0
cong-mu-xiao-dao-wan-ji,E:403,0
qi-shi-wo-zhi-shi-duo-yu,E:403,0
tiffanyanxinda,E:403,0
gary-lee-80,E:403,0
xiao-zhi-yu-29-7,E:403,0
MrCat365,E:403,0
hua-hun-yi-shi,E:403,0
zhang-yu-jing-91,E:403,0
kestory,E:403,0
yi-su-22-18,E:403,0
portablesoft,E:403,0
dong-ya-ya-78-22,E:403,0
xiang-bian-cheng-mei-hao-de-ren,E:403,0
mark2wen,E:403,0
edisonchen,E:403,0
gao-fei-55,E:403,0
yi-bei-qing-cha-83-36,E:403,0
jia-luo-qia-er,E:403,0
wu-yi-yi-xue-jiang-lao-shi,E:403,0
da-tang-kuai,E:403,0
hou-lai-ni-68-8,E:403,0
15927623697,E:403,0
zhang-yan-65-85-20,E:403,0
zhao-chun-xiang,E:403,0
xi-xi-35-6-78,E:403,0
yi-ke-xiao-xiao-lu-cao,E:403,0
mai-dou-dou,E:403,0
lan-fei-hong-26,E:403,0
lengzi79,E:403,0
zzryyjy,E:403,0
zhong-fen-de-xiu-dou,E:403,0
zylbws,E:403,0
cheng-min-41,E:403,0
csda-31,E:403,0
18801052310,E:403,0
sdhzzyszj,E:403,0
bi-xiao-gu,E:403,0
dingmumu,E:403,0
ihms-43,E:403,0
mikko-frost,E:403,0
shui-mo-79-88,E:403,0
sandy-zhu-yang,E:403,0
jiu-sang-36,E:403,0
yizhi-dou-sha-tuan-zi,E:403,0
andrews-chen,E:403,0
jian-kang-guan-li-shi-kao-shi,E:403,0
brandliu,E:403,0
tianyi,E:403,0
hollyzhang-66,E:403,0
zhe-wei-lao-xian-sen,E:403,0
qiang-da-de-xiao-han,E:403,0
tian-51-79,E:403,0
xiaobanxian,E:403,0
liu-xiu-xiu-20,E:403,0
zhen-qian-he,E:403,0
you-pin-hui-gou,E:403,0
yi-zhi-ban-jie-42,E:403,0
dentist-jing,E:403,0
cao-mei-fan-qie-79,E:403,0
hei-se-mao-yi-27-71,E:403,0
ben-cao-bo-he,E:403,0
hu-zhong,E:403,0
fu-run-qing,E:403,0
tao-tao-44-14,E:403,0
lian-lian-lian-lian-lian-peng-tou,E:403,0
laowushi,E:403,0
geekcoming,E:403,0
jindongwang,E:403,0
liu-kang-97,E:403,0
huang-hao-45,E:403,0
xin-li-zi-xun-shi-han-mei-ling-1,E:403,0
te-li-du-xing-de-gui-gui,E:403,0
tonylew,E:403,0
xia-xi-wen-91,E:403,0
tian-cai-xiao-lao-gong,E:403,0
wang-ting-ting-91-99,E:403,0
checkpoint_1,E:403,0
scarlet-84-18,E:403,0
lei.shi,E:403,0
wang-tian-liang,E:403,0
li-ping-92-43-19,E:403,0
wu-ji-si-gu-leng-15,E:403,0
zuo-you-90-65,E:403,0
hua-jie01,E:403,0
gu-qing-zhi-7,E:403,0
will_zheng,E:403,0
yiduo-duo-er-a,E:403,0
quartz,E:403,0
wangxizhi,E:403,0
han-kai-xin-89-58,E:403,0
qcboy,E:403,0
leonard-61-6,E:403,0
pi-pi-45-43-31,E:403,0
kovalovsky,E:403,0
liu-tao-30,E:403,0
jt2473208309,E:403,0
pao-jiu-zhi-jia,E:403,0
tomi-hi-82,E:403,0
jiang-nan-94,E:403,0
herihui,E:403,0
hei-diao-25,E:403,0
li-da-17,E:403,0
he-tian-tian-41,E:403,0
xiao-xiao-yang-60-23,E:403,0
yangyukexue,E:403,0
lin-tu-zi-98,E:403,0
ren-yao-xian-zi-ji-dan-geng,E:403,0
zi-zai-su-wen-37,E:403,0
sun-xue-59-6,E:403,0
xia-mo-wei-liang-25-9,E:403,0
lin-hao-ying,E:403,0
wen-wen-40-39-73,E:403,0
xun-tian-wen-69,E:403,0
chi-bian-di-ping-xian,E:403,0
li-xuan-60-73,E:403,0
xie-jin-feng,E:403,0
wu-suo-wei-26-5-10,E:403,0
fuba188,E:403,0
wan-xiao-dou-dou,E:403,0
liu-xuan-zhi-shou,E:403,0
mount_cristo,E:403,0
he-chun-shui-94,E:403,0
bigbod99,E:403,0
boss-big-64,E:403,0
mu-zi-xiao-sui-hua,E:403,0
cherry-90-48-51,E:403,0
lie-feng-zhong-cai-hong,E:403,0
hua-jia-jie-mei-de-zi-liu-di,E:403,0
ji-jiu-yang-33,E:403,0
gpfvic,E:403,0
magic-fish,E:403,0
he-wen-jing-62-75,E:403,0
zhang-zhe-fu-78,E:403,0
yuan-yuan-bu-jin,E:403,0
wu-hai-bo,E:403,0
dehan-60,E:403,0
xin-bu-zai-yan-69-26,E:403,0
feng-ming-yu-ai-jiu-79,E:403,0
feng-xiao-ke-3,E:403,0
samsamxi,E:403,0
EIGHTOPC,E:403,0
li-li-56-49-93,E:403,0
zhi-ye-yi-shi-85,E:403,0
he-jiang-shan-90,E:403,0
xiao-long-27-13,E:403,0
xun-si-sui,E:403,0
san-pi,E:403,0
bu-bu-zhu-71,E:403,0
peng-qi-42,E:403,0
hong-jiu-wa-wa-yu,E:403,0
long-bi-yi-sheng-wang-jun,E:403,0
menglu-guo,E:403,0
gunxueqiu,E:403,0
he-da-da-59-22,E:403,0
xi-li-hu-tu-59-78,E:403,0
sun-rui-li-56,E:403,0
zhang-fei-41-17-76,E:403,0
zhi-hu-lang,E:403,0
wei-wei-85-60,E:403,0
388557,E:403,0
changping,E:403,0
zhong-hui-hu-zhu,E:403,0
li-xin-ran-27,E:403,0
hei-dou-31-37,E:403,0
wu-guan-jun-64,E:403,0
fu-xiao-pang-de-wang-mei-mei,E:403,0
lian-lian-kan-21,E:403,0
shu-zhan-38,E:403,0
lin-jia-xin-40-16,E:403,0
mary168,E:403,0
si-xi-cao,E:403,0
mttong-xie,E:403,0
zheng-ji-bo-shi-wu-bo-hai,E:403,0
zhang-xiao-yu-84-58-90,E:403,0
shi-ye-lian-xing-yan-jing-98,E:403,0
ping-guo-shu-xia-de-xiao-nuo-mi,E:403,0
fang-hai-feng-32,E:403,0
MedicalSpace,E:403,0
ai-hu-120,E:403,0
he-mu-jia-yi-liao,E:403,0
li-lian-50,E:403,0
huang-wei-23-18-19,E:403,0
di-diao-de-er-qiu,E:403,0
xbo-shi-9,E:403,0
jzx-yanqi,E:403,0
xu-ya-mu,E:403,0
mrxiang-tai-duo,E:403,0
xing-zhao-zuo-meng-67-44,E:403,0
YakiShare,E:403,0
lucky-duoduo,E:403,0
7777-13-61,E:403,0
ai-di-shan,E:403,0
huang-he-72-41,E:403,0
shi-jie-zhen-jiu-xue-hui-lian-he-hui,E:403,0
zi-wo-bao-hu,E:403,0
chen-yu-yu-35-68,E:403,0
lian-an-82-66,E:403,0
you-xi-shi-guang-vgtime-57,E:403,0
xiao-qing-nian-92,E:403,0
chi-chi-45-38,E:403,0
maodoujiazi,E:403,0
mo-luo-64-39,E:403,0
huo-tian-tian-84,E:403,0
sha-mi-4-61,E:403,0
mao-mao-18-77-51,E:403,0
xiaobenben123,E:403,0
agatha-6-13,E:403,0
fu-kang-50,E:403,0
iamsile,E:403,0
fen-dou-zhi-lu-75,E:403,0
chen-li-li-66-2-95,E:403,0
ding-chui-93,E:403,0
feng-ya-ya-21,E:403,0
wu-nai-de-xiao-fang-fang,E:403,0
ji-shan-cheng-41,E:403,0
shimf,E:403,0
arthurzwl,E:403,0
yi-fu-can-hai-can,E:403,0
huo-hua-de-41,E:403,0
fan-75-34,E:403,0
jing-cai-ren-sheng-mei,E:403,0
chaos-blizzard,E:403,0
dai-xiao-jiang-yi-sheng-25,E:403,0
phenone,E:403,0
fang-song-yin-le,E:403,0
rchu-jiang-nan,E:403,0
guduzhe2,E:403,0
dong-feng-250,E:403,0
gao-wei-wu-gu-xian-you-fang,E:403,0
zu-ji-pin-pai,E:403,0
eric-64-99,E:403,0
fei-ning-xiao,E:403,0
zhu-yi-li-xun-lian-zhuan-jia,E:403,0
tang-dou-8-17,E:403,0
ai-peng-xuan-83-42,E:403,0
paige-71,E:403,0
biao-wang-6,E:403,0
knowingaizhi-zhi,E:403,0
hen-hen-85-63,E:403,0
peng-xiao-qiang,E:403,0
sjnkyu,E:403,0
qing-yang-dao-ren,E:403,0
leaez,E:403,0
zhao-ha-ha-99,E:403,0
ye-zi-ye-zi-6,E:403,0
xiao-xiao-14-7-86,E:403,0
gou-bo-shi-21,E:403,0
wang-yi-jian-kang,E:403,0
zhao-luo-wei-1995,E:403,0
bai-long-ma-98,E:403,0
xu-xiao-qian-6-10,E:403,0
sukun-65,E:403,0
wei-yang-88-74,E:403,0
xing-qi-wu-fang-jia,E:403,0
zixuantang,E:403,0
knowyourself-1,E:403,0
sunshine_joy,E:403,0
cristine,E:403,0
johnny-25,E:403,0
liu-chun-73,E:403,0
li-wei-36-2-44,E:403,0
zhan-peng-30-53,E:403,0
sheng-qi-94-62,E:403,0
tang-chen-bang,E:403,0
ceng-xin,E:403,0
sheng-fan-jin-yi,E:403,0
ke-tuo-can-jia-tan-xin,E:403,0
jiang-xiao-yang-58,E:403,0
wang-pei-di-66,E:403,0
qian-yi-50-44-61,E:403,0
grapegreen,E:403,0
wang-jie-87,E:403,0
falindai,E:403,0
tou-fa-ke,E:403,0
mei-si-kang-chen-42,E:403,0
shi-zhao-xue-tang,E:403,0
ji-wei-73-87,E:403,0
hearEASON,E:403,0
forfullness,E:403,0
gehgah-yhhh,E:403,0
ding-dong-jing-jia,E:403,0
sbki,E:403,0
san-se-jin-37-21,E:403,0
zheng-tao-81-82,E:403,0
wo-you-liang-dian-shui,E:403,0
casper-14-39,E:403,0
jenny-69-15,E:403,0
chaosmuseum,E:403,0
yi-ling-ye-qiu,E:403,0
jin-han-89,E:403,0
huang-shu-min-50,E:403,0
ao-yun-lao-die,E:403,0
kuai-le-33-34-94,E:403,0
fuguoxiang,E:403,0
xiao-cai-bao-zi-tou,E:403,0
bei-jing-yong-kang-kou-qiang,E:403,0
huan-ying-huan-ying-36,E:403,0
wu-qing-yue-99,E:403,0
ding-ding-dong-dong-46-96,E:403,0
lei-tu-bao,E:403,0
liuyiang,E:403,0
wang-jing-50-29,E:403,0
qian-qian-33-53-78,E:403,0
zhang-qi-ling-24-95,E:403,0
bai-shan-cha-87-6,E:403,0
rong-jian,E:403,0
ang-48-7,E:403,0
ding-jing-ling-92,E:403,0
26z2006,E:403,0
xiao-bo-73-21,E:403,0
ou-bao-ting-yang-lao,E:403,0
y999,E:403,0
nan-fei-13-77,E:403,0
xiao-mai-xin-li-x,E:403,0
han-xi-19-92,E:403,0
jiang-dai-yu-11,E:403,0
hu-pan-pan-23,E:403,0
boqee,E:403,0
yzhihao,E:403,0
christian-30,E:403,0
xie-jing-77-74,E:403,0
kang-lin-jian-kang,E:403,0
xiao-qing-xing-58-3,E:403,0
long-yun-peng-72,E:403,0
suchangmao,E:403,0
yang-sheng-gu-wen-jiang-tian,E:403,0
rabbitte,E:403,0
shorty-li,E:403,0
whitecoffee,E:403,0
van-eco,E:403,0
su-yi-mo-11,E:403,0
ma-ma-77-8,E:403,0
shi-wei-ren-ge,E:403,0
de-ming-jian-shen,E:403,0
xie-da-xia-79-31,E:403,0
sereniting,E:403,0
luchangxiang,E:403,0
hui-hui-4-20-74,E:403,0
dr-bananaren,E:403,0
bai-yu-95-33,E:403,0
ling-yun-meng-zui,E:403,0
bei-jing-di-bai-kou-qiang,E:403,0
meow-demi,E:403,0
pi-fu-mei-rong-zhang-wei-hua,E:403,0
zhu-bai-cheng-cui-89,E:403,0
chong-yue-liang-jia-ting-jiao-yu-44,E:403,0
chen-mou-ren-84-93,E:403,0
yao-yao-yao-30-87,E:403,0
zhu-ren-ji-ta-shou,E:403,0
susan-74-45,E:403,0
shi-di-fen-82-64,E:403,0
zhi-tai-88,E:403,0
yakeboshi,E:403,0
xue-guang-dian-de-xiao-ben-dan,E:403,0
zhao-jia-lu,E:403,0
pansz,E:403,0
yue-ye-chi-hun-13,E:403,0
weisay,E:403,0
alex-36-76,E:403,0
laodage,E:403,0
15018530707,E:403,0
sichuanxiaofengzi,E:403,0
gong-kaikai,E:403,0
xiao-xi-de-chu-fang-41,E:403,0
yi-nuo-kang-pin,E:403,0
mo-fa-shi-de-xue-tu-93,E:403,0
ni-shi-bu-shi-sha-89,E:403,0
bu-si-jing-nian-meng-hui-jiu-jing,E:403,0
wu-hua-shan-ma-tuo-zi,E:403,0
jiu-yi-shao-nu-de-meng-3-69,E:403,0
yuelinquan,E:403,0
wu-chen-ma-que,E:403,0
fei-ge-55-36-20,E:403,0
xue-jin-gang-da-fei-ji,E:403,0
lei-qiu-89-31,E:403,0
ai-xin-fu-jian-kang,E:403,0
citipreslin,E:403,0
na-you-shi-yao-leng-jiao,E:403,0
zhu-jiang-32-60,E:403,0
lee-47-1-80,E:403,0
yi-xue-gao-kao-ban-wu-lao-shi,E:403,0
zsprain,E:403,0
xiao-le-18-66,E:403,0
yun-he-28-32,E:403,0
dandanjie,E:403,0
mrwangyan,E:403,0
huang-yong-bin,E:403,0
hu-bing-78-85,E:403,0
gong-yi-95-16,E:403,0
junezth,E:403,0
sayzz,E:403,0
niu-ji-ye,E:403,0
jhylz,E:403,0
hynoor,E:403,0
springbear,E:403,0
zhong-yi-xu-xin-zhou,E:403,0
su-wu-36,E:403,0
18211753822,E:403,0
wang-hao-yuan-44,E:403,0
xuan-dun-ju-ju-chang,E:403,0
wang-yi-98-62-77,E:403,0
fu-yun-99-51-55,E:403,0
lian-ai-liao-mei-zhu,E:403,0
fisher-54-46,E:403,0
li-zhao-yan-75,E:403,0
chi-zhe-tian-xia,E:403,0
luo-huo-tang,E:403,0
zhang-wei-78-41,E:403,0
dsliu,E:403,0
xin-rui-1015,E:403,0
jixin,E:403,0
wu-nai-de-sheng-yu-pian,E:403,0
kong-qian-jue-hou-7,E:403,0
xiao-tu-jun-38,E:403,0
wenxingbing,E:403,0
lucky-lee-12,E:403,0
ning-ba-95-61,E:403,0
ya-lan-jun-25,E:403,0
patrickli,E:403,0
tt386951,E:403,0
yi-yi-56-33-43,E:403,0
ggggg-48-20,E:403,0
cao-mei,E:403,0
xie-guan-liu-lun-tan,E:403,0
jessee,E:403,0
dr-qson,E:403,0
mei-bai-dan-ban-hu-fu-lao-shi,E:403,0
cai-qian-wu-lang-80,E:403,0
zjw123-9,E:403,0
wang-kun-33,E:403,0
qian-lie-xian-yan-zhi-liao-18,E:403,0
zhao-ge-xi-huan-de-ren,E:403,0
siuwah-chan,E:403,0
lan-jue-82,E:403,0
qiao-zhi-68,E:403,0
qi-li-yuan-dong-sir,E:403,0
alifejk,E:403,0
zhang-ming-su,E:403,0
cao-pang-zi-3,E:403,0
shi-tian-yi-66-72,E:403,0
li-yao-hua-yong-hua-chi-ke,E:403,0
cai-hong-he-qiao,E:403,0
cha-guo-zi-hai,E:403,0
guo-xiao-min,E:403,0
hu-yiyang-14,E:403,0
wang-yu-zhou-13,E:403,0
mi-lan-43-59,E:403,0
drxieyu,E:403,0
hou-ji-bo-fa-67,E:403,0
naomi-5,E:403,0
quxiaofeng,E:403,0
ouyixi,E:403,0
ke-ta-ai-zhao-zhe-ge-shi-jie-a,E:403,0
han-zi-tai,E:403,0
si-fei-cai-58,E:403,0
linklion,E:403,0
zyt-75-67,E:403,0
mo-gu-tou-jian-kang-bai-ke,E:403,0
ma-la-di-56,E:403,0
yu-bei-yi-sheng,E:403,0
xiao-zhang-shuo-ai-jiu,E:403,0
chenglibo,E:403,0
fei-fan-feng-mi,E:403,0
ting-mang-59,E:403,0
wang-yi-lang-chao-gong-zuo-shi,E:403,0
nina-rong,E:403,0
mai-li-jia,E:403,0
claire-16-43,E:403,0
wxch45720,E:403,0
doctorwangbin,E:403,0
meng-meng-de-mei-hua-lu,E:403,0
chan-hui-68,E:403,0
vevila-xie,E:403,0
mu-die-82-81,E:403,0
qi-zhao-lao-hu-kan-luo-ri,E:403,0
ha-qie-38,E:403,0
Orthoyan,E:403,0
zhao-yi-sheng-46-18,E:403,0
lcwsunny,E:403,0
yinhao0214,E:403,0
ma-xing-62-34,E:403,0
xu-feng-li-65,E:403,0
xi-wei-84-35,E:403,0
xiao-xia-yi-sheng,E:403,0
ren-zou-cha-liang-24-5,E:403,0
shen-zhen-he-shan-kou-qiang-wu-zhu-ren,E:403,0
xiao-qun-92-2,E:403,0
juan-lian-wen-nuan,E:403,0
huang-chu-yi-40,E:403,0
adaqin-cao,E:403,0
li-yi-88-10,E:403,0
li-yi-zi-50,E:403,0
shui-mu-ji-yin-24,E:403,0
jiang-jiang-13,E:403,0
lin-cang-jian,E:403,0
dcdengcong,E:403,0
reseted1510230119887,E:403,0
ai-ben-shuo-yang-sheng,E:403,0
zheng-zhou-zhi-de-kou-qiang-ya-ke-yi-sheng,E:403,0
yan-pei-wang,E:403,0
shen-ai-yige-ren-xin-li-hui-ge-deng,E:403,0
li-zhe-60-87,E:403,0
chen-hong-44-37,E:403,0
hectorlee1995,E:403,0
jyo-gan,E:403,0
xie-da-xin-9-47,E:403,0
qiu-shan-62-77,E:403,0
will-chen-80-63,E:403,0
yu-sheng-jian-kang-rs-health,E:403,0
wenyayi,E:403,0
chui-chui,E:403,0
lin-ying-14,E:403,0
mao-shuo-40,E:403,0
dian-dui-dian-66,E:403,0
wei-you-fang-hu-wang,E:403,0
emma-75-74,E:403,0
yoky-19,E:403,0
xian-cheng-pao-chu,E:403,0
xi-er-zhi-shi,E:403,0
yan-xin-yu-26-79,E:403,0
zombie,E:403,0
ao-ao-dai-bu-de-xiao-ji,E:403,0
z1518663926,E:403,0
hu-feng-12,E:403,0
liu-jia-ming-2,E:403,0
hong-mei-26-37,E:403,0
garhysg,E:403,0
meng-qi-qi-22,E:403,0
leoxsummer,E:403,0
jiang-hu-fang-shi-77,E:403,0
jian-meng-shuang-kai,E:403,0
dong-chao-53-44,E:403,0
bi-lin-yu-qing,E:403,0
gyoureitobe,E:403,0
ting-feng-kan-yue-51,E:403,0
pan-yu-77-12,E:403,0
chang-qing-teng-ba-ba,E:403,0
zhou-yan-20,E:403,0
rou-wang-wan,E:403,0
lll-88-3-23,E:403,0
jidou,E:403,0
da-lian-mao-77-75,E:403,0
sheng-jin-bo,E:403,0
jian-qiang-de-dong-gua,E:403,0
li-ying-ying-25-68,E:403,0
bing-yan-61-98,E:403,0
liang-huan-69-44,E:403,0
xinsheng,E:403,0
oncoimmunotherapy,E:403,0
yi-fei-39-89,E:403,0
fan-jia-25,E:403,0
13146606660,E:403,0
ouyangjuanpin,E:403,0
bishop,E:403,0
shan-xi-yixian-yipin-you-xian-gong-si,E:403,0
li-xin-46-33,E:403,0
zhang-ling-li-63,E:403,0
fan-bu-er-78,E:403,0
lao-xian-nu-84,E:403,0
zao-yi-nu-luan-ma-59,E:403,0
movie007wn,E:403,0
ng-ng-ni-24-6,E:403,0
mei-li-yun-gong-xiang-ti-zhi-cheng,E:403,0
wei-lan-21-68,E:403,0
xiang-yao-fei-de-geng-gao-44-91,E:403,0
dioehu,E:403,0
shan-shan-9-98-86,E:403,0
wen-ru-dong-ni-ni,E:403,0
fan-le-le-50,E:403,0
nu-li-de-xiao-xiong-mao-89,E:403,0
xu-yi-98-24,E:403,0
chuang-bian-de-xiao-dou-wang,E:403,0
guang-hui-sui-yue-85-2,E:403,0
ai-ke-xie-tang-yi,E:403,0
yu-shu-chang,E:403,0
stevensunzh,E:403,0
lang-lang-53-89,E:403,0
fa-xian-chu-fang,E:403,0
posam,E:403,0
yue-ai-wei-xiao,E:403,0
wurg,E:403,0
xiaocheng-96,E:403,0
chang-bai-jiu,E:403,0
xxx-25-22-89,E:403,0
you-ke-41-87,E:403,0
haotoufaanling,E:403,0
yu-si-wei-liang-19,E:403,0
weiwei-52-3,E:403,0
liyong5695,E:403,0
zhang-xiao-qi-33-81,E:403,0
xiao-shuai-ge-7-83,E:403,0
yan-ran-ben-ran,E:403,0
zhou-yun-9,E:403,0
Klaith,E:403,0
lu-shi-han-89,E:403,0
li-xin-yi-87-37,E:403,0
yan-zhe-71-34,E:403,0
mian-yang-ya-ya,E:403,0
shaochuan,E:403,0
zhu-xue-yuan-90,E:403,0
quan-lang-mai-si-21,E:403,0
jelly-41-62,E:403,0
liu-xiao-yan-3,E:403,0
feng-yu-zhi-28,E:403,0
yishi-ge,E:403,0
dian-dian-jia-de-tu-xiao-dou,E:403,0
qi-ao-mu-mi-tuan,E:403,0
yang-da-bao-32,E:403,0
li-he-he-2-30,E:403,0
nuo-mei-29-94,E:403,0
qing-qing-97-11-1,E:403,0
wei-ji-tang-13,E:403,0
wo-yao-xia-che-86,E:403,0
qcd65191299,E:403,0
hansea,E:403,0
gu-lang-37-62,E:403,0
liu-wei-24,E:403,0
guo-hai-tao-85-23,E:403,0
liu-bin-bin-80,E:403,0
little-luca,E:403,0
tan-shu-hui-37-26,E:403,0
bai-bo-kou-qiang,E:403,0
xichy,E:403,0
lin-da-guo-87,E:403,0
suan-le-ba,E:403,0
huang-jing-jing-85-73-82,E:403,0
will-55-30,E:403,0
wu-ming-xiao-jie-91-33,E:403,0
xiao-wan-zi-29-37,E:403,0
liu-yi-zhi-68-73,E:403,0
sakura-7-81,E:403,0
mie-mie-47-90,E:403,0
cai-yun-shi,E:403,0
mugglecode,E:403,0
wang-zhi-cheng-60-91,E:403,0
ni-wo-6-53-59,E:403,0
yi-ge-shou-zi-49,E:403,0
chenhui0128,E:403,0
xiao-nuo-45-92-88,E:403,0
ceng-wen-yu-43,E:403,0
mo-wa-14,E:403,0
shane-tong-wei,E:403,0
liyang_address,E:403,0
bdrswdwr,E:403,0
qbitai,E:403,0
shu-mu-zhi-liao-shi,E:403,0
zhang-xi-feng-gu-ke,E:403,0
wang-da-chui-52-2,E:403,0
haiha-wang,E:403,0
da-xiang-gong-hui-12,E:403,0
xiao-mi-mi-33-27,E:403,0
ran-ran-7,E:403,0
yezihuxi,E:403,0
mo-xiao-kui,E:403,0
huang-mu-chuan,E:403,0
baosir,E:403,0
gao-yuan-39-53,E:403,0
tian-xiao-mi,E:403,0
followyourheart,E:403,0
timing-10,E:403,0
hodriguez,E:403,0
xi-huan-ya-39,E:403,0
UgCode,E:403,0
zui-ai-qing-jiao-rou-si,E:403,0
wo-xiang-yao-de-34,E:403,0
ni-shi-zhen-di-pi-20,E:403,0
xiao-f,E:403,0
monktangs,E:403,0
jian-kang-zai-zhe-li,E:403,0
wang-hai-fang-14,E:403,0
MarryMea,E:403,0
a-gong-pao-de-cha,E:403,0
hugozen89,E:403,0
duo-yao-miao-xiao-yi-ge-wo-83,E:403,0
zhang-xiao-yu-73-24,E:403,0
bonheru,E:403,0
ww1way,E:403,0
tianyuhui699,E:403,0
nusbrant,E:403,0
xuexuepan,E:403,0
wang-ke-xin-50-28,E:403,0
dai-ji-sheng,E:403,0
ying-wo-sheng,E:403,0
MR_life-aesthetics,E:403,0
sorry-7,E:403,0
zhang-xuan-93-66,E:403,0
bin-wang1913,E:403,0
liu-bin-7-59-24,E:403,0
he-he-85-83-18,E:403,0
ji-xiao-chong-67,E:403,0
seatory,E:403,0
feng-liu-xia-de-jiao-yin,E:403,0
liu-lu-49-82,E:403,0
shi-wan-ge-wei-sha-82,E:403,0
Gale710,E:403,0
mian-hua-67-81,E:403,0
pi-pi-xia-55-22-81,E:403,0
shi-liao-shi-jian-hong-bin,E:403,0
ya-pei-xie-tang-yi,E:403,0
gao-leng-dou-bi-nu-wang-fan-66,E:403,0
li-jia-xin-30-23,E:403,0
liu-xin-60-22,E:403,0
lai-gen-yu-mi,E:403,0
spnadsdwc,E:403,0
guo-xue-bao-dian-53,E:403,0
ji-zao-de-huang-yi-sang,E:403,0
e-ju-chi-zhen-mei,E:403,0
can-cha-42,E:403,0
he-qi-yan,E:403,0
hai-lun-17-40,E:403,0
zuo-wan-zuo-ye-jiu-shui-jue,E:403,0
gmer,E:403,0
smile_juer,E:403,0
mei-li-ren-sheng-92-14,E:403,0
yi-ming-ya-yi,E:403,0
baifan,E:403,0
han-xue-wei-18,E:403,0
mao-ge-70-48,E:403,0
lu-yin-chang-55,E:403,0
zhong-wen-71,E:403,0
xiao-hou-tong-xue-49,E:403,0
dealer,E:403,0
zhang-xiao-jing-27-95,E:403,0
hooyeah-10,E:403,0
liuhulan-009,E:403,0
chen-zhuo-xiong-3,E:403,0
si-miao-15-98,E:403,0
chen-jian-66-37,E:403,0
ting-1-93,E:403,0
wo-jue-de-xian-zong-zi-hao-chi,E:403,0
passerby-60-92,E:403,0
richard-cao-cao,E:403,0
ding-ding-ding-65-61-60,E:403,0
wakaka-80-62-12,E:403,0
snow-chang,E:403,0
wei-yang-96-33,E:403,0
ming-zi-0127,E:403,0
shi-gan-jia-96-72,E:403,0
jiang-hu-hua-she,E:403,0
tong-yue-45,E:403,0
guo-shi-zheng-gu,E:403,0
yi-qian-shi-yao-du-xin,E:403,0
quqingtao,E:403,0
da-zheng-90-99,E:403,0
wen-zhui,E:403,0
ke-le-pao-teng-pian,E:403,0
zheng-ji-xiao-shuo-xie-yue-qiang,E:403,0
zyb-50-52,E:403,0
qiu-shui-ying-yue-74,E:403,0
voguefu-shi-yu-mei-rong,E:403,0
ye-jing-yu-qin-er-huang-yu-xi-57,E:403,0
guo-jie-50,E:403,0
fu-sang-96-95,E:403,0
potterdy-tang,E:403,0
zhi-shi-zhi-li-liang,E:403,0
liu-ming-ming-54-80,E:403,0
wheatkuma,E:403,0
zhang-da-fu-6,E:403,0
left-82,E:403,0
xiao-xiao-42-33-92,E:403,0
yi-ke-qi-guai-de-shi-tou-12,E:403,0
chen-xiao-heng-95,E:403,0
JiangYifan97,E:403,0
jing-zhi-84,E:403,0
xiang-wu-xie,E:403,0
hui-zi-72-50,E:403,0
jing-jing-jing-zhong,E:403,0
szkqyy,E:403,0
su-da-50-55,E:403,0
ZzzZzhui-Feng-SK,E:403,0
tang-mei-mei-18,E:403,0
yi-qia-lu-si-er-hao,E:403,0
lewis-king,E:403,0
ye-xu-57-4,E:403,0
fang-zi-zi-78,E:403,0
xi-ji-40-56,E:403,0
gao-cao-69,E:403,0
tian-luo-er,E:403,0
angela-76-69,E:403,0
lu-bo-shi-shi-yang-ji,E:403,0
xu-lei-20-52,E:403,0
lumimibaby,E:403,0
kou-qiang-daka,E:403,0
jin-jin-lai-68,E:403,0
ai-si-bi-85-3,E:403,0
xu-ting-ting-40,E:403,0
michael-zhao,E:403,0
shhhsh,E:403,0
hui-huo-sheng-wu,E:403,0
xiao-chen-yi-sheng-59,E:403,0
xing-kang-fu-shi-gao-xiao-ming,E:403,0
hou-sheng-zi-38-34,E:403,0
mei-mei-de-yin-mou,E:403,0
li-nsanity-20,E:403,0
edco-81,E:403,0
wang-jin-63-93,E:403,0
wu-zhi-lu,E:403,0
sun-yan-49-43,E:403,0
fifiyang,E:403,0
ccsing2018,E:403,0
han-che-94-63,E:403,0
HMS-HOOD,E:403,0
xiao-wei-yang-0472,E:403,0
codyyang,E:403,0
peng-ran-xin-dong-49-76,E:403,0
qizi,E:403,0
yao-a-yao-42,E:403,0
diuuuu,E:403,0
yun-huan,E:403,0
ganjuequankai,E:403,0
tao-emma-57,E:403,0
xing-xing-zhi-huo-64-50,E:403,0
simba,E:403,0
yuanzhi91,E:403,0
feng-kuang-shen-shi-92,E:403,0
chen-xuan-fu,E:403,0
mobifu,E:403,0
badvortex,E:403,0
xie-yan-jun-62,E:403,0
li-xiao-ruo-yi,E:403,0
hua-yan-xiao-30,E:403,0
li-juno-87,E:403,0
zhang-da-wan,E:403,0
xiedun,E:403,0
da-jia-hao-23-45,E:403,0
shou-fei-gui-vb-11,E:403,0
liu-sen-17-43,E:403,0
hai-di-de-ming-yue,E:403,0
shu-ju-fen-xi-gong-cheng-shi-82,E:403,0
guang-er-47,E:403,0
fu-shao-qing,E:403,0
san-luo-de-yun-61,E:403,0
qiu-jie-35-72,E:403,0
xu-bo-han,E:403,0
candice-36-86,E:403,0
jiayi-jian-51,E:403,0
jing-jin-jin-23,E:403,0
lu-ren-48,E:403,0
3leafgrace,E:403,0
yidai-zong-shi-zhong-yi-guan,E:403,0
chen-ke-er-63-93,E:403,0
hellosweet-31,E:403,0
bai-xi-ou-si-yi-yao-yuan,E:403,0
starhomecare,E:403,0
gongzidabai,E:403,0
gaspard-wu,E:403,0
qiao-bei-chun,E:403,0
wan-qing,E:403,0
TataH,E:403,0
deng-deng-deng-deng-feng-lai,E:403,0
xuzhen2017,E:403,0
desleepdi-si,E:403,0
xi-ge-du-du,E:403,0
shao-bai-lu,E:403,0
ma-ge-46-17,E:403,0
yin-jia-li-29,E:403,0
zhang-yuan-2,E:403,0
terrence-qt,E:403,0
zhou-hao-dong-5,E:403,0
huang-tu-wu-lu,E:403,0
yige-ren-62-54,E:403,0
bai-wu-jin-ji-78-60,E:403,0
ai-ya-wu-yu-8,E:403,0
ying-da-li-67,E:403,0
sun-dan-dan-18,E:403,0
hankluo,E:403,0
jiang-zhai-xing,E:403,0
evelu,E:403,0
zhangjiantao,E:403,0
wang-zhong-tao,E:403,0
jane7ducai,E:403,0
yiyeshu,E:403,0
lu-wen-hai-11,E:403,0
feng-qing-qing-chui-zhao-feng,E:403,0
tan-yang-xi-62,E:403,0
lue-ze-pu-er,E:403,0
chenchun2016,E:403,0
cici-72-14-53,E:403,0
yang-xiao-jing-ling,E:403,0
sheng-deng-yong-qi-dian-ban,E:403,0
qing-xiao-lan-99,E:403,0
tang-an-di,E:403,0
just1n,E:403,0
song-shao-4,E:403,0
zouxin,E:403,0
creshao,E:403,0
ziyun-w,E:403,0
ding-li-50,E:403,0
wang-guo-cheng-45,E:403,0
tong-feng-zhi-you,E:403,0
fei-mao-1-27,E:403,0
ruan-san-18,E:403,0
yiyan-wan-nian-57-80,E:403,0
zhang-nan-hua,E:403,0
wu-jia-qiu-70,E:403,0
a-li-yun-yun-qi-she-qu-48,E:403,0
gan-long-6-49,E:403,0
li-er-niu,E:403,0
zhao-da-chui-80-85,E:403,0
haotoufa,E:403,0
yuan-xing-qiu-suo,E:403,0
wan-zi-tang-yuan-8-60,E:403,0
gwiily,E:403,0
shen-xia-bing,E:403,0
rouguangcat,E:403,0
luo-lei-47-15,E:403,0
fiarady,E:403,0
you-diao-app,E:403,0
mu-qing-18-77,E:403,0
skymountain,E:403,0
tong-shi-tang-zhi-pa,E:403,0
kou-kou-li-sang,E:403,0
renrenyang,E:403,0
duo-rou-83,E:403,0
argo00-9,E:403,0
hantiesheng,E:403,0
wu-jie-yan-jing-maxless,E:403,0
dank-82,E:403,0
wang-peng-fei-11-76,E:403,0
si-liu-sha,E:403,0
gu-yi-chen-92,E:403,0
ni-de-er-da-ye-26,E:403,0
ma-ruo-han-77,E:403,0
yang-wu-hua-ya,E:403,0
zhou-huan-17-39,E:403,0
shao-nu-mei-mei,E:403,0
yihua-hu,E:403,0
cai-wei-zheng-xing,E:403,0
qi-yue-33,E:403,0
xiaohan333221,E:403,0
bing-ma-21,E:403,0
qian-yu-chen-27,E:403,0
jia-jie-shi-crest,E:403,0
zhou-zong-gui-45,E:403,0
long-lue-lue-lue-46,E:403,0
nieyu-48,E:403,0
sweeet-41,E:403,0
duan-yan-chao-18,E:403,0
lu-bu-tong-90,E:403,0
mei-zhuang-xiao-mi-shu,E:403,0
a-a-99-95,E:403,0
dao-jie-fu-weng,E:403,0
sun-zi-qi-96,E:403,0
ivy-80-56,E:403,0
wang-83-93-34,E:403,0
xiu-xiu-34-11-88,E:403,0
na-lan-22-43,E:403,0
yaoxucn,E:403,0
jiangyadong,E:403,0
zhan-wen-hai-59,E:403,0
zhao-zhou-zi-74,E:403,0
monkeylu,E:403,0
tian-ye-69-12-25,E:403,0
long-qi-87-91,E:403,0
shi-fang-ying-14,E:403,0
chen-xiao-zhi-44,E:403,0
gao-di-67-86,E:403,0
ueomence,E:403,0
dr-newcomer,E:403,0
zou-dao-hui,E:403,0
yuan-xiao-xiao-47-17,E:403,0
mai-si-kang,E:403,0
leihao,E:403,0
wo-hui-da-ta-pao,E:403,0
wang-xiaohua,E:403,0
feitianzhu,E:403,0
christopher-50-84,E:403,0
huang-xiao-mao-44,E:403,0
hjianke,E:403,0
leoguo-zi-li-ya,E:403,0
li-xiao-lu-81-97,E:403,0
dou-guo-mei-shi,E:403,0
jessica-zheng-97,E:403,0
he-ming-xiang-da-jian-kang,E:403,0
suifeng,E:403,0
zhang-wei-zhong,E:403,0
liu-bu-ming,E:403,0
jue-qian-xing,E:403,0
ma-qian-zu,E:403,0
indchin,E:403,0
xizangdiandian,E:403,0
shiweiyao,E:403,0
xiang-ri-kui-xiao-jie-46-47,E:403,0
heng-bian,E:403,0
duo-la-17-69,E:403,0
youwucygs,E:403,0
wowharu,E:403,0
alicejiang-35,E:403,0
zhidemai111,E:403,0
jia-dong-29,E:403,0
yun-shang-jian-kang,E:403,0
hao-yi-kang-2,E:403,0
jin-xiao-mei-88-37,E:403,0
wang-jun-ren-19,E:403,0
xiao-hui-hui-34-8,E:403,0
dong-ri-zhong-yi,E:403,0
yitian-dao-wan-you-yong-de-yu-60-9,E:403,0
zhu-su-yu,E:403,0
hong-se-jiao-dian-kua-jie-ying-xiao,E:403,0
zhui-meng-nan-er,E:403,0
applejiang-45,E:403,0
yuan-yuan-xiang-bao-he-shi-liao-45,E:403,0
le-le-60-86-4,E:403,0
nan-feng-zuo-gu-ren,E:403,0
hai-er-zhi-hui-sheng-huo,E:403,0
yi-ci-yuan-fei-yu,E:403,0
nang-shi,E:403,0
yifang-17-5,E:403,0
you-du-nan-de-xiao-yu,E:403,0
mina211,E:403,0
wo-jiao-11-95,E:403,0
trea-34,E:403,0
wang-yu-81-91,E:403,0
wang-xiwen,E:403,0
li-qing-shun-11,E:403,0
tan-wu-yu-33,E:403,0
da-bao-jian-99,E:403,0
253238750,E:403,0
ZhenyuWang1999,E:403,0
vsgr,E:403,0
hao-hao-43-50-26,E:403,0
sheng-wu-ke-lian-44,E:403,0
ye-bu-hei-56,E:403,0
tobey-9-83,E:403,0
ni-xiao-de-shan-ming-shui-xiu-5,E:403,0
lb0523,E:403,0
Aspire,E:403,0
yan-shan-dw,E:403,0
hui-zhi-jia-yao-xian-shi-yong-hou-fu-kuan,E:403,0
Jasen-Ji,E:403,0
dai-yu-you-75,E:403,0
qian-mo-82-67-45,E:403,0
cheng-yun-hai-76,E:403,0
di-yi-da-zong-shi,E:403,0
ping-an-hao-yi-sheng-87,E:403,0
hua-hua-26-28,E:403,0
xiao-bing-gan-98,E:403,0
ta-ying-qiu,E:403,0
shang-hai-yidian-dian-nai-cha,E:403,0
MinouTao,E:403,0
mo-zi-chu,E:403,0
ding-dong-24-45-16-64,E:403,0
guo-jia-cheng,E:403,0
yupeng-jiang,E:403,0
GharaNacht,E:403,0
lu-jian-36-60,E:403,0
shen-yi-sheng-28,E:403,0
qin-feng-67-85,E:403,0
lang-ye-bang-shou-jiang-zuo-mei-lang,E:403,0
yorkff,E:403,0
ming-yue-tian-ya-62,E:403,0
xiao-nu-zi-yu-ran,E:403,0
vivid_moon,E:403,0
ma-hou-shao-jiu-53-74,E:403,0
xiao-yu-26-23-75,E:403,0
water-best,E:403,0
zhang-yan-jiang,E:403,0
bei-jing-sen-nuo-yun-dong-kang-fu,E:403,0
meng-cong-32,E:403,0
guo-xian-feng-14,E:403,0
yue-wen-chang,E:403,0
ti-ke,E:403,0
chai-sang-80,E:403,0
su-ji-ming-43,E:403,0
bu-guai-you-tang-chi,E:403,0
rong-rong-65,E:403,0
song-guo-yi-fu,E:403,0
sheng-huo-leng-zhi-shi,E:403,0
ha-te-rui-mu,E:403,0
shang-shan-hui-li-yi-20-84,E:403,0
bai-ya-jing-49,E:403,0
gao-kao-jia-chang-quan,E:403,0
tao-wai-ren,E:403,0
lao-mang-liu,E:403,0
xiongyjlapos,E:403,0
a-zhan-74-58,E:403,0
xu-mu-mu-85,E:403,0
gitime,E:403,0
wang-ling-ling-top,E:403,0
jiang-xiao-xian-94,E:403,0
zheng-bing-hui-60,E:403,0
bai-yi-oncall,E:403,0
bai-du-ren-19-85,E:403,0
xie-wei-14-87,E:403,0
zhang-jing-yan-34-42,E:403,0
guo-ran-chen-86,E:403,0
alen-32-88,E:403,0
mo-mo-58-79-80,E:403,0
xi-men-da-guan-ren-97-62,E:403,0
fei-bi-nian,E:403,0
